hub,keyword,priority_score
calculators,btw bereken,2
calculators,btw berekenen,2
btw,btw nummer aanvragen,2
btw,btw nummer controleren,2
btw,btw nummer opzoeken,2
btw,btw vies check,2
btw,btw wanneer,2
btw,btw,2
btw,btw auto,2
btw,btw belgie,2
btw,btw betekenis,2
btw,btw check,2
btw,btw diensten,2
btw,btw duitsland,2
btw,btw engels,2
btw,btw hagra,2
btw,btw hoog,2
btw,btw kor,2
btw,btw nederland,2
btw,btw nummer,2
btw,btw percentage,2
btw,btw tarief,2
btw,btw terugvragen,2
btw,btw verlegd,2
btw,btw vrijstelling,2
factoring,btw factuur,2
other,bmw x1,2
other,bmw x2,2
other,bmw x3,2
other,bmw x4,2
other,bmw x5,2
other,bmw x6,2
other,bmw x7,2
other,zakelijke lening,2
calculators,aflossing lening berekenen excel,1
calculators,aflossingstabel lening berekenen excel,1
calculators,annu√Øtaire lening berekenen excel,1
calculators,bank lening calculator,1
calculators,belfius lening calculator,1
calculators,berekenen lening op afbetaling,1
calculators,berekenen van lening,1
calculators,btw berekenen 9,1
calculators,btw berekenen formule,1
calculators,btw calculator,1
btw,aangifte omzetbelasting wat is dat,1
btw,btw verlegd wanneer,1
btw,btw wanneer 9 of 21,1
btw,btw wanneer betalen,1
btw,btw wanneer ingevoerd,1
btw,btw wat betekent dat,1
